'Are'are, 277
A'ou, 175
A-Pucikwar, 2
Aari, 18
Aasax, 6
Aba, 2
Abaga, 110
Abai, 1
Abanyom, 3
Abau, 18
Abaza, 54
Abenaki, 118
Abenlen Ayta, 3
Abidji, 1
Abinomn, 265
Abipon, 1
Abkhaz, 320
Abon, 2
Abron, 4
Abu, 3
Abu' Arapesh, 4
Abua, 1
Abui, 5
Abun, 1
Abung, 2
Abure, 2
Abé, 1
Acatepec Me'phaa, 2
Acehnese, 199
Achagua, 2
Achang, 2
Acheron, 3
Achi, 1
Acholi, 21
Achuar, 9
Achumawi, 2
Aché, 1
Adang, 1
Adangme, 25
Adele, 1
Adi, 1
Adioukrou, 1
Adja, 1
Adnyamathanha, 2
Adyghe, 5348
Adzera, 3
Aeka, 12
Aequian, 2
Afade, 1
Afar, 60
Afitti, 2
Afrikaans, 3735
Agarabi, 2
Agatu, 1
Agawam, 1
Aghem, 2
Aghu Tharrnggala, 6
Aghul, 10
Agi, 2
Agoi, 1
Aguacateca, 3
Aguaruna, 21
Agusan Manobo, 2
Agutaynen, 19
Ahirani, 2
Ahom, 130
Ahtna, 5
Ahwai, 1
Ai-Cham, 11
Aikanã, 3
Aimele, 2
Ainbai, 1
Ainu, 304
Aisi, 4
Aiton, 15
Aiwoo, 194
Aja, 1
Ajië, 67
Aka (Central Africa), 1
Aka-Bea, 11
Aka-Bo, 3
Aka-Cari, 2
Aka-Kede, 2
Aka-Kora, 1
Akan, 95
Akar-Bale, 1
Akaselem, 1
Akatek, 1
Akawaio, 5
Ake, 1
Akebu, 1
Akei, 1
Akha, 2
Akhvakh, 9
Akkadian, 352
Akkala Sami, 4
Aklanon, 33
Akolet, 2
Akoose, 1
Akoye, 4
Akpa, 1
Akpes, 1
Akum, 1
Akuntsu, 1
Akuwagel, 2
Alaba, 2
Alabama, 101
Alago, 1
Alagwa, 4
Alak, 5
Alamblak, 2
Alangan, 17
Alawa, 1
Alazapa, 1
Albanian, 8754
Alcozauca Mixtec, 28
Alekano, 2
Alemannic German, 1706
Aleut, 205
Algerian Arabic, 1
Algonquin, 24
Ali, 1
Alladian, 3
Allentiac, 13
Aloápam Zapotec, 1
Alsea, 2
Alu, 2
Alumu-Tesu, 1
Alune, 3
Alungul, 5
Alutiiq, 8
Alutor, 107
Alviri-Vidari, 45
Alyawarr, 5
Ama, 23
Amahai, 4
Amahuaca, 8
Amaimon, 4
Amal, 2
Amanab, 55
Amara, 1
Amarakaeri, 1
Amarasi, 1
Amarizana, 7
Amasi, 6
Amatlán Zapotec, 2
Ambai, 5
Ambakich, 1
Ambala Ayta, 3
Ambele, 1
Amblong, 1
Ambonese Malay, 11
Ambrak, 1
Ambulas, 2
Amdang, 1
Amele, 5
American Sign Language, 447
Amganad Ifugao, 3
Amharic, 467
Ami, 1
Amis, 537
Ammonite, 11
Amo, 1
Amol, 1
Amondawa, 3
Ampari Dogon, 1
Amurdag, 3
Ana Tinga Dogon, 1
Anaang, 4
Anakalangu, 1
Anal, 8
Anam, 1
Anambé, 1
Anauyá, 2
Ancient Greek, 22561
Ancient Macedonian, 19
Ancient North Arabian, 1
Andalusian Arabic, 12
Andaqui, 1
Andi, 5
Andio, 4
Andoa, 1
Andoque, 1
Andoquero, 1
Aneityum, 2
Aneme Wake, 9
Angaataha, 5
Angaité, 1
Angami, 4
Angevin, 2
Angguruk Yali, 17
Angika, 3
Angkola Batak, 1
Angkula, 3
Angloromani, 35
Angolar, 2
Angor, 7
Angoram, 1
Anii, 1
Animere, 1
Anindilyakwa, 1
Anjam, 11
Ankave, 12
Anmatyerre, 2
Annobonese, 12
Anong, 2
Ansus, 5
Antigua and Barbuda Creole English, 2
Antillean Creole, 274
Anuak, 1
Anufo, 1
Anuki, 3
Anus, 3
Anuta, 15
Anyi, 2
Ao, 1
Aoheng, 1
Aore, 1
Apalaí, 25
Apali, 2
Apatani, 1
Apiaká, 3
Apinayé, 7
Apma, 1
Apolista, 1
Apurinã, 8
Aputai, 1
Aquitanian, 52 
Arabana, 1
Arabela, 36
Arabic, 28297
Aragonese, 737
Araki, 3
Aramaic, 2701
Arammba, 6
Aranadan, 1
Araona, 2
Arapaho, 175
Arara-Karo, 1
Arawak, 19
Araweté, 1
Arawum, 1
Arbore, 2
Archi, 26
Ardhamagadhi Prakrit, 52
Are, 1
Arem, 1
Argobba, 2
Arhuaco, 1
Ari, 2
Aribwatsa, 1
Aribwaung, 2
Arifama-Miniafia, 3
Arigidi, 14
Arikapú, 1
Arikara, 2
Arikem, 4
Arin, 36
Aringa, 1
Armenian, 19859
Aromanian, 3404
Arop-Lokep, 1
Arosi, 3
Arta, 3
Aruop, 2
Arutani, 2
Aruá, 1
As, 2
Asaro'o, 2
Ashe, 1
Ashkun, 2
Ashokan Prakrit, 54 
Asháninka, 1
Ashéninka Pajonal, 1
Ashéninka Perené, 3
Asi, 113
Asilulu, 4
Asoa, 1
Assamese, 4543
Assan, 28
Assangori, 1
Assiniboine, 3
Assyrian Neo-Aramaic, 26
Asturian, 5696
Asu, 2
Asumboa, 2
Ata Manobo, 1
Atakapa, 6
Atanques, 2
Atayal, 11
Atemble, 1
Athpare, 1
Atikamekw, 7
Atohwaim, 1
Atong (Cameroon), 1
Atong (India), 13
Atsahuaca, 3
Atsugewi, 3
Attié, 3
Au, 3
Augila, 1
Auhelawa, 4
Aukan, 38
Aulua, 1
Aurá, 1
Australian Manda, 1
Austronesian Mari, 1
Austronesian Mor, 1
Auyana, 1
Auye, 1
Avar, 180
Avatime, 1
Avava, 2
Avestan, 204
Avikam, 2
Avokaya, 2
Avá-Canoeiro, 1
Awa (New Guinea), 1
Awa-Cuaiquer, 3
Awabakal, 9
Awadhi, 81
Awar, 3
Awara, 1
Awera, 1
Awetí, 3
Awngi, 1
Awtuw, 3
Awyi, 1
Axamb, 1
Axi Yi, 1
Ayabadhu, 2
Ayere, 3
Aymara, 59
Aynu, 4
Ayomán, 2
Ayoquesco Zapotec, 1
Ayoreo, 2
Ayu, 1
Ayutla Mixtec, 1
Azerbaijani, 5286
Azha, 1
Azoyú Me'phaa, 1
Baagandji, 4
Baan, 1
Baba Malay, 2
Babanki, 2
Babatana, 2
Babine-Witsuwit'en, 4
Babole, 2
Babungo, 1
Babuza, 3
Bactrian, 29
Badaga, 2
Bade, 1
Badui, 3
Baenan, 9
Bafanji, 1
Bafut, 1
Bagheli, 7
Bagirmi, 1
Bagua, 1
Bagupi, 1
Bagusa, 2
Bagvalal, 2
Baha, 1
Baham, 1
Baharna Arabic, 2
Bahau, 1
Bahinemo, 1
Bahing, 1
Bahnar, 94
Baimak, 1
Baiso, 1
Baka, 2
Bakairí, 1
Bakhtiari, 4
Baki, 1
Bakoko, 1
Bakulung, 1
Bakumpai, 1
Bakung, 24
Balaesang, 2
Balangao, 1
Balanta-Ganja, 1
Balanta-Kentohe, 1
Balantak, 1
Baldemu, 3
Baliledo, 1
Balinese, 411
Balkan Romani, 46
Balo, 1
Balti, 5
Baltic Romani, 19
Baluan-Pam, 1
Baluchi, 525
Bambam, 1
Bambara, 184
Bamu, 12
Bamwe, 1
Bana, 1
Banam Bay, 2
Banda, 2
Banda-Bambari, 1
Bandi, 1
Bandjalang, 57
Bangandu, 1
Banggai, 8
Bangi, 1
Bangi Me, 1
Baniwa, 2
Banjarese, 66
Banka, 1
Bankan Tey Dogon, 1
Bankon, 2
Banoni, 5
Bantawa, 3
Bantayanon, 6
Bantik, 2
Banyumasan, 10
Baoule, 7
Barai, 2
Baram Kayan, 5
Barapasi, 1
Barasana, 8
Barbareño, 1
Bardi, 4
Bargam, 5
Bari, 4
Bariai, 21
Bariji, 2
Barikewa, 1
Barngarla, 1
Barok, 1
Barombi, 2
Barranbinya, 1
Baruga, 4
Barunggam, 10
Baruya, 8
Baré, 2
Barí, 1
Basa, 1
Basaa, 1
Basap, 1
Basay, 4
Bashkir, 3456
Basketo, 1
Basque, 2177
Bassa, 59
Batad Ifugao, 3
Batanga, 1
Bathari, 1
Bats, 23
Batu, 2
Batui, 2
Batuley, 2
Bau, 3
Bau Bidayuh, 82
Baure, 19
Bauro, 3
Bauzi, 1
Bavarian, 249
Baybayanon, 2
Bayogoula, 1
Bayungu, 1
Beaver, 1
Bebe, 1
Bedjond, 1
Beezen, 1
Beja, 3
Bekati', 1
Belait, 4
Belarusian, 2928
Beli, 1
Belizean Creole, 2
Bella Coola, 47
Bellari, 2
Bemba, 12
Ben Tey, 1
Benabena, 1
Bende, 5
Beneraf, 1
Beng, 1
Bengali, 2867
Beothuk, 2
Bepour, 3
Berawan, 12
Berbice Creole Dutch, 13
Berik, 1
Berom, 2
Berti, 1
Betawi, 37
Betoi, 7
Bezhta, 1
Bhilali, 1
Bhojpuri, 275
Biak, 4
Biangai, 1
Biao, 234
Biao Mon, 1
Bibaali, 1
Bidiyo, 1
Bidyara, 1
Biem, 2
Big Nambas, 2
Bih, 2
Bihari, 2
Bikol Central, 708
Bilakura, 2
Bilba, 5
Bilbil, 2
Biliau, 2
Biloxi, 2
Bilua, 2
Bilur, 2
Bima, 4
Bimin, 1
Bimoba, 1
Binandere, 1
Binongan Itneg, 1
Bintulu, 18
Binukid, 51
Bipi, 1
Birao, 1
Birgid, 3
Birgit, 1
Biritai, 1
Bishnupriya Manipuri, 49
Bislama, 63
Bissa, 1
Bisu, 1
Bitare, 1
Blablanga, 1
Black Speech, 1
Blackfoot, 27
Blagar, 58
Blang, 1
Blin, 1
Bo-Rukul, 1
Boano (Maluku), 1
Boano (Sulawesi), 1
Bobongko, 1
Bobot, 1
Bodo (India), 74
Bodo Gadaba, 1
Bofi, 1
Bogaya, 3
Boghom, 2
Bokar, 1
Boko, 1
Bokobaru, 1
Bokoto, 1
Bokyi, 1
Bola, 15
Bolak, 50
Bolango, 1
Bole, 2
Bolinao, 47
Boloki, 1
Bolongan, 1
Bolyu, 1
Bonan, 2
Bondei, 2
Bondo, 1
Bonerate, 1
Bonggi, 4
Bonggo, 4
Bongo, 1
Bookan, 1
Bora, 1
Borong, 1
Borôro, 31
Boselewa, 1
Botlikh, 2
Botolan Sambal, 4
Bourbonnais-Berrichon, 3
Bourguignon, 617
Bouyei, 97
Bragat, 1
Brahui, 15
Braj, 102
Brazilian Sign Language, 1
Brem, 2
Breton, 1467
Bribri, 1
Brokpake, 1
Brokskat, 7
Brooke's Point Palawano, 172
Broome Pearling Lugger Pidgin, 17
Brunei Bisaya, 3
Brunei Malay, 461
Bu, 2
Bu-Nao Bunu, 7
Bube, 2
Bubi, 1
Budibud, 2
Budukh, 25
Buduma, 1
Budza, 1
Buena Vista Yokuts, 2
Bugan, 2
Bughotu, 10
Buginese, 71
Bugun, 1
Buhi'non Bikol, 1
Buhid, 21
Buhutu, 2
Bukat, 2
Bukawa, 2
Bukhari, 4
Bukiyip, 35
Bukusu, 1
Bulgarian, 6620
Buli (Ghana), 2
Buli (Indonesia), 4
Bulu (Cameroon), 3
Bulu (New Guinea), 2
Bunaba, 1
Bunak, 1
Bunama, 2
Bundeli, 9
Bungku, 1
Bungu, 1
Bunoge, 1
Bunun, 31
Buol, 3
Bura, 42
Bura Mabang, 4
Burarra, 6
Burduna, 1
Burgundian, 3
Burji, 1
Burmese, 5463
Burmeso, 1
Buru (Indonesia), 1
Burun, 2
Burushaski, 76
Burusu, 1
Buruwai, 1
Buryat, 116
Busa, 2
Busam, 1
Busami, 1
Busang Kayan, 1
Butmas-Tur, 1
Butuanon, 4
Buwal, 1
Bwaidoka, 2
Bwanabwana, 3
Bwatoo, 7
Byangsi, 1
Caac, 4
Cabiyarí, 1
Cacua, 1
Cacán, 2
Caddo, 1
Cahuilla, 500
Cajonos Zapotec, 1
Caka, 2
Calamian Tagbanwa, 2
Calusa, 4
Caluyanun, 1
Caló, 81
Camarines Norte Agta, 3
Camsá, 1
Candoshi-Shapra, 1
Canela, 2
Canichana, 1
Cantonese, 4789
Capiznon, 4
Cappadocian Greek, 27
Car Nicobarese, 4
Cara, 1
Carabayo, 2
Caranqui, 9
Carapana, 2
Carian, 51
Cariay, 1
Caribbean Hindustani, 15
Carijona, 2
Carolinian, 18
Carpathian Romani, 22
Carpathian Romani‎, 17
Carrier, 176
Cashibo-Cacataibo, 1
Cashinahua, 1
Casiguran Dumagat Agta, 10
Catacao, 2
Catalan, 21936
Catawba, 20
Catuquinaru, 2
Catío Chibcha, 1
Cavere, 2
Cavineña, 2
Cayubaba, 1
Cayuga, 3
Cazcan, 2
Cebuano, 20259
Celtiberian, 5
Cemuhî, 6
Central Asmat, 1
Central Atlas Tamazight, 146
Central Bai, 2
Central Bontoc, 11
Central Cagayan Agta, 29
Central Dusun, 7
Central Franconian, 539
Central Huasteca Nahuatl, 121
Central Kurdish, 339
Central Mahuatlán Zapoteco, 1
Central Malay, 8
Central Masela, 1
Central Mazahua, 14
Central Melanau, 80
Central Nahuatl, 45
Central Nicobarese, 1
Central Pomo, 3
Central Puebla Nahuatl, 1
Central Sama, 1
Central Siberian Yupik, 3
Central Sierra Miwok, 160
Central Subanen, 1
Central Tagbanwa, 9
Central Tarahumara, 48
Central Tunebo, 1
Ch'orti', 14
Chaap Wuurong, 5
Chachi, 6
Chadong, 1
Chagatai, 44
Chaha, 1
Chaima, 1
Chairel, 2
Chakma, 65
Chali, 1
Chamacoco, 4
Chamalal, 2
Chamba Daka, 2
Chambri, 1
Chamicuro, 466
Chamling, 2
Chamorro, 137
Champenois, 7
Chang, 1
Chapacura, 4
Charrua, 7
Chaudangsi, 1
Chaura, 1
Chavacano, 185
Chayahuita, 2
Chechen, 367
Cheke Holo, 2
Chepang, 6
Cherokee, 788
Chewong, 2
Cheyenne, 31
Chibcha, 1
Chicahuaxtla Triqui, 12
Chichewa, 800
Chichicapan Zapotec, 2
Chickasaw, 501
Chilcotin, 2
Chimalapa Zoque, 1
Chimila, 1
Chimwiini, 2
Chinali, 1
Chinese, 159287
Chinese Pidgin English, 1
Chinook, 1
Chinook Jargon, 102
Chipaya, 13
Chipewyan, 25
Chiquihuitlán Mazatec, 2
Chiquimulilla, 3
Chiquitano, 10
Chiricahua, 8
Chirino, 2
Chitimacha, 3
Chittagonian, 6
Chiwere, 2
Choapan Zapotec, 1
Chocangaca, 5
Choctaw, 666
Chol, 18
Chong, 71
Chono, 2
Chopi, 1
Chrau, 3
Chru, 3
Chuanqiandian Cluster Miao, 2
Chuave, 2
Chuj, 6
Chuka, 1
Chukchi, 47
Churuya, 3
Chuukese, 968
Chuvash, 273
Chácobo, 1
Cia-Cia, 61
Cibak, 1
Cicipu, 1
Ciguayo, 1
Cimbrian, 1512
Cinta Larga, 1
Classical Mandaic, 1
Classical Mongolian, 12
Classical Nahuatl, 2198
Classical Newar, 1
Classical Syriac, 7273
Coast Miwok, 29
Coastal Kadazan, 7
Coastal Konjo, 1
Coatecas Altas Zapotec, 1
Coatlán Mixe, 19
Coatlán Zapotec, 1
Coatzospan Mixtec, 1
Cocama, 2
Cochimi, 1
Cocopa, 6
Coeur d'Alene, 3
Cofán, 2
Cogui, 3
Columbia-Wenatchi, 38
Colán, 2
Comanche, 78
Comechingon, 2
Comox, 11
Coos, 2
Copainalá Zoque, 8
Copallén, 3
Coptic, 1358
Cora, 43
Cornish, 1253
Coroado Puri, 3
Corsican, 210
Cosoleacaque Nahuatl, 4
Cowlitz, 6
Cree, 47
Creek, 15
Crimean Gothic, 92
Crimean Tatar, 2546
Cross River Mbembe, 1
Crow, 76
Cruzeño, 1
Cua, 1
Cubeo, 1
Cuiba, 13
Cuitlatec, 1
Culina, 2
Culli, 2
Cumanagoto, 1
Cun, 1
Cung, 1
Cupeño, 18
Curripaco, 21
Cuvok, 2
Cuyunon, 73
Cypriot Arabic, 5
Czech, 34769
Da'a Kaili, 1
Daai Chin, 1
Daasanach, 2
Daba, 4
Dacian, 40
Dadanitic, 2
Dadibi, 3
Daga, 1
Dagbani, 3
Dahalo, 4
Dai, 1
Dairi Batak, 9
Dakaka, 1
Dakota, 460
Dakpa, 1
Dalmatian, 1167
Dan, 1
Danaru, 2
Dangaléat, 1
Danish, 18523
Dano, 1
Dargwa, 35
Darkinjung, 90
Darmiya, 1
Daro-Matu Melanau, 1
Dass, 1
Datooga, 2
Daur, 28
Dawawa, 2
Dawera-Daweloor, 1
Dawro, 1
Day, 1
Dazaga, 1
Deccani, 2
Defaka, 1
Deg, 1
Deg Xinag, 2
Degema, 2
Degenan, 1
Delta Yokuts, 1
Demisa, 1
Demotic, 26
Demta, 1
Dena'ina, 33
Denya, 2
Dení, 10
Desano, 1
Dhalandji, 1
Dhangu, 8
Dharug, 24
Dhimal, 1
Dhivehi, 171
Dhudhuroa, 12
Dhuwal, 17
Dia, 1
Dibabawon Manobo, 205
Dibiyaso, 6
Dibo, 1
Dieri, 8
Digo, 1
Dilling, 1
Dimasa, 11
Dime, 4
Dinapigue Agta, 1
Dineor, 1
Dinka, 48
Diodio, 2
Ditidaht, 19
Diuxi-Tilantongo Mixtec, 1
Dixon Reef, 1
Dizin, 1
Djambarrpuyngu, 5
Dobel, 1
Dobu, 3
Doe, 1
Doga, 1
Dogri, 35
Dogrib, 33
Dogul Dom, 1
Dolgan, 68
Domari, 17
Dompo, 1
Dongolawi, 2
Dongshanba Lalo, 1
Dongxiang, 164
Dorasque, 1
Dori'o, 2
Dorig, 2
Dorze, 2
Doteli, 74
Doura, 1
Doutai, 3
Drehu, 78
Drung, 4
Duala, 1
Duau, 2
Dubu, 1
Duhwa, 1
Duit, 1
Dukhan, 1
Duma, 1
Dumbea, 38
Dumi, 5
Dumpas, 1
Duna, 1
Dungan, 145
Dupaningan Agta, 724
Dura, 11
Duri, 1
Duriankere, 1
Dusner, 3
Dutch, 49436
Dutch Low Saxon, 113
Duun, 4
Duvle, 2
Duwet, 2
Dyaabugay, 3
Dyirbal, 5
Dyula, 1
Dzala, 1
Dzao Min, 1
Dzongkha, 297
Dzuun, 1
Dâw, 5
E'ma Buyang, 1
East Central German, 46
East Damar, 1
East Franconian, 6
East Futuna, 9
East Makian, 2
East Masela, 1
East Yugur, 9
Eastern Acipa, 2
Eastern Arrernte, 210
Eastern Bontoc, 4
Eastern Cham, 20
Eastern Durango Nahuatl, 1
Eastern Huasteca Nahuatl, 563
Eastern Keres, 1
Eastern Lawa, 2
Eastern Magar, 1
Eastern Mari, 101
Eastern Mnong, 4
Eastern Ngad'a, 1
Eastern Penan, 1
Eastern Pomo, 1
Eastern Pwo, 22
Eastern Tamang, 5
Eblaite, 10
Ebrié, 1
Ebughu, 2
Edo, 10
Edomite, 4
Edopi, 2
Efai, 2
Efik, 3
Efutop, 1
Ega, 5
Eggon, 1
Egyptian, 4767
Egyptian Arabic, 433
Eipomek, 1
Ejagham, 3
Ekajuk, 1
Ekari, 1
Ekit, 2
Ekpeye, 1
Elamite, 6
Eleme, 1
Elfdalian, 253
Elkei, 2
Elotepec Zapotec, 1
Eloyi, 1
Emae, 1
Eman, 1
Embaloh, 2
Emberá-Catío, 1
Emberá-Chamí, 1
Emberá-Tadó, 1
Embu, 1
Emerillon, 2
Emilian, 728
En, 1
Ende, 1
Enga, 2
Engenni, 1
Enggano, 1
English, 713314
Enlhet, 1
Enwang, 2
Enxet, 1
Eotile, 1
Epena, 1
Epie, 2
Epigraphic Mayan, 3
Eritai, 3
Erromintxela, 3
Ersu, 2
Erzya, 771
Esan, 3
Ese, 247
Ese Ejja, 2
Eshtehardi, 5
Esimbi, 2
Esmeralda, 8
Esperanto, 18111
Esselen, 1
Estado de México Otomi, 2
Estonian, 6849
Etebi, 1
Eten, 1
Eteocretan, 1
Eton (Cameroon), 16
Etruscan, 28
Etulo, 3
Evant, 1
Even, 36
Evenki, 217
Ewe, 691
Ewondo, 1
Extremaduran, 108
Eyak, 2
Fagani, 1
Fakkanci, 7
Fala, 63
Faliscan, 74
Fanamaket, 1
Fang (Cameroon), 1
Fang (Guinea), 4
Farefare, 20
Faroese, 7548
Fas, 1
Fasu, 4
Fataluku, 1
Fayu, 2
Fe'fe', 1
Fembe, 1
Fiji Hindi, 158
Fijian, 412
Finnish, 119570
Fipa, 1
Flinders Island, 1
Foi, 4
Folopa, 5
Fon, 6
Forak, 2
Fore, 1
Forest Enets, 12
Fox, 8
Franc-Comtois, 11
Francisco León Zoque, 46
Franco-Provençal, 242
Frankish, 232
French, 87246
Friulian, 2055
Fula, 218
Fulniô, 12
Fungwa, 1
Fur, 2
Futuna-Aniwa, 8
Fuyug, 7
Fwâi, 1
Fyam, 1
Fyer, 1
Ga, 17
Ga'anda, 2
Ga'dang, 1
Gaam, 1
Gabadi, 2
Gabi, 2
Gabrielino-Fernandeño, 16
Gaddang, 1
Gadsup, 2
Gagadu, 4
Gagauz, 90
Gaikundi, 4
Gal, 1
Galela, 1
Galibi Carib, 21
Galice, 1
Galician, 16879
Gallo, 175
Gallurese, 2
Galoli, 1
Gamilaraay, 707
Gamo, 2
Gana, 1
Gandhari, 24
Ganglau, 1
Gapapaiwa, 1
Garawa, 34
Garhwali, 33
Garifuna, 96
Garo, 1
Garus, 1
Gashowu, 1
Gaulish, 102
Gavak, 2
Gavar, 1
Gavião do Jiparaná, 2
Gawwada, 1
Gayil, 2
Gayo, 7
Gayón, 1
Gbagyi, 2
Gban, 1
Gbanu, 1
Gbanziri, 1
Gbari, 2
Gbaya-Bossangoa, 1
Gbaya-Bozoum, 1
Gbayi, 1
Gbiri-Niragu, 1
Gciriku, 1
Ge'ez, 59
Gedaged, 3
Geji, 1
Gela, 4
Gele', 1
Gen, 1
Gende, 1
Georgian, 15121
Gerka, 1
German, 73521
German Low German, 901
German Sign Language, 18
Geser-Gorom, 1
Ghadames, 1
Ghari, 1
Ghayavi, 2
Ghomala', 1
Ghotuo, 12
Gidar, 2
Gilaki, 1
Gilbertese, 36
Girawa, 6
Gitua, 1
Gitxsan, 1
Glavda, 2
Glosa, 6
Gobasi, 4
Godoberi, 2
Goemai, 7
Gofa, 31
Gokana, 1
Gokhy, 1
Gola, 1
Golin, 5
Gondi, 1
Gong, 92
Gonja, 2
Gooniyandi, 68
Gor, 2
Gorontalo, 29
Gothic, 2699
Gottscheerish, 20
Grass Koiari, 4
Greek, 28769
Green Hmong, 1
Greenlandic, 1727
Greenlandic Pidgin, 1
Gresi, 1
Gros Ventre, 3
Guahibo, 1
Guajajára, 7
Guajá, 1
Guambiano, 2
Guanano, 5
Guanche, 1
Guaraní, 153
Guayabero, 1
Guazacapán, 2
Gude, 1
Guerrero Amuzgo, 30
Guerrero Nahuatl, 8
Guevea de Humboldt Zapotec, 1
Gugu Badhun, 1
Guhu-Samane, 3
Guianese Creole, 5
Guinau, 1
Guinea-Bissau Creole, 396
Guiqiong, 1
Gujarati, 4081
Gulay, 6
Gulf Arabic, 456
Gullah, 30
Gumalu, 1
Gumatj, 2
Gumawana, 1
Gun, 1
Gunu, 1
Gunwinggu, 73
Gunya, 1
Gupa-Abawa, 1
Gupapuyngu, 1
Gurani, 2
Gurindji, 4
Gurjar Apabhramsa, 6
Guro, 1
Guruntum, 1
Gusii, 2
Gutnish, 53
Guugu Yimidhirr, 139
Guwar, 2
Guyanese Creole English, 1
Guébie, 1
Gvoko, 1
Gwahatike, 1
Gwara, 1
Gweda, 1
Gweno, 1
Gwere, 1
Gwich'in, 3
Güenoa, 2
Hadza, 317
Haeke, 1
Hahon, 1
Haida, 27
Hainyaxo Bozo, 1
Haitian Creole, 1059
Haitian Vodoun Culture Language, 1
Hajong, 94
Hakö, 3
Halbi, 1
Halegannada, 24
Halia, 2
Halkomelem, 4
Hamer-Banna, 1
Hamtai, 4
Hanga Hundi, 10
Hanunoo, 10
Harari, 3
Haroi, 1
Harsusi, 3
Haruai, 3
Haryanvi, 2
Hasha, 1
Hassaniya, 2
Hatam, 1
Hattic, 2
Hausa, 1206
Haush, 1
Havasupai-Walapai-Yavapai, 11
Haveke, 1
Hawaiian, 2438
Hazaragi, 2
Hdi, 3
Hebrew, 12864
Hehe, 1
Heiltsuk, 1
Herdé, 1
Herero, 5
Heyo, 1
Hidatsa, 5
Highland Oaxaca Chontal, 1
Highland Popoluca, 157
Highland Puebla Nahuatl, 40
Highland Totonac, 3
Hijazi Arabic, 971
Hiligaynon, 1855
Himyaritic, 2
Hindi, 18123
Hinukh, 1
Hiri Motu, 44
Hismaic, 2
Hitchiti, 1
Hittite, 271
Hiw, 2
Hixkaryana, 5
Hlai, 20
Hlepho Phowa, 1
Hmwaveke, 2
Hoava, 2
Hobyót, 2
Holikachuk, 1
Hone, 3
Hopi, 184
Horom, 1
Horpa, 1
Hote, 2
Hoyahoya, 12
Hrangkhol, 1
Hre, 1
Hruso, 1
Hu, 1
Huambisa, 1
Huaorani, 9
Huave, 1
Huba, 1
Huehuetla Tepehua, 2
Huichol, 9
Hula, 1
Hulaulá, 1
Huli, 2
Hungarian, 31944
Hunsrik, 989
Hunzib, 3
Hupa, 3
Hupdë, 6
Hurrian, 4
Hutterisch, 10
Hyam, 1
Hän, 9
Iaai, 1
Iamalele, 2
Iatmul, 8
Iau, 4
Ibaloi, 67
Iban, 58
Ibanag, 31
Ibani, 1
Ibatan, 18
Iberian, 1
Ibibio, 6
Ibino, 2
Ibuoro, 2
Icelandic, 17342
Iceve-Maci, 2
Ida'an, 6
Idi, 1
Ido, 7266
Idu, 1
Iduna, 2
Igbo, 97
Ignaciano, 2
Ik, 2
Ikaranggal, 3
Ikizu, 1
Iko, 1
Ikobi-Mena, 1
Ikulu, 1
Ila, 1
Ilgar, 1
Ilianen Manobo, 1
Illyrian, 1
Ilocano, 485
Ilongot, 2
Ilue, 2
Imonda, 4
Inabaknon, 5
Inari Sami, 607
Indian Sign Language, 1
Indo-Portuguese, 32
Indonesian, 5756
Indonesian Bajau, 5
Indus Kohistani, 1
Inebu One, 2
Ineseño, 4
Inga, 2
Ingrian, 677
Ingush, 112
Inonhan, 17
Interlingua, 2285
Interlingue, 651
Inuktitut, 393
Inupiaq, 33
Inuvialuktun, 2
Ipai, 1
Ipiko, 1
Ipulo, 1
Iquito, 1
Iranun, 16
Iraqi Arabic, 10
Iraqw, 4
Irarutu, 2
Iraya, 2
Iriga Bicolano, 3
Irish, 24757
Irula, 1
Isabi, 1
Isan, 43
Isebe, 1
Ishkashimi, 1
Isinai, 3
Isnag, 7
Isthmus Mixe, 8
Isthmus Zapotec, 39
Istriot, 478
Istro-Romanian, 75
Isubu, 7
Italian, 146649
Italiot Greek, 67
Itawit, 18
Itelmen, 174
Itene, 10
Itik, 1
Itonama, 1
Itu Mbon Uzo, 2
Itzá, 3
Iu Mien, 171
Ivatan, 14
Iwaidja, 2
Iwal, 1
Iwam, 3
Ixcatec, 1
Ixil, 30
Iyive, 1
Izere, 2
Izon, 3
Jabem, 1
Jabutí, 3
Jakaltek, 26
Jamaican Creole, 52
Jamamadí, 98
Jaminjung, 2
Jamsay, 1
Jamtish, 35
Janday, 1
Japanese, 120871
Japhug, 2
Jaqaru, 9
Jarai, 14
Jarawa, 6
Jaru, 1
Jassic, 2
Javanese, 1098
Jawe, 1
Jebero, 2
Jeh, 1
Jehai, 5
Jeikó, 1
Jeju, 22
Jemez, 14
Jenaama Bozo, 1
Jeri Kuo, 1
Jersey Dutch, 31
Jeru, 4
Jerung, 1
Jibu, 1
Jicarilla, 4
Jili, 1
Jilim, 1
Jingpho, 42
Jingulu, 3
Jirajira, 1
Jita, 1
Jola-Fonyi, 2
Jowulu, 1
Juang, 1
Juba Arabic, 2
Judeo-Arabic, 60
Judeo-Italian, 5
Judeo-Tat, 29
Jumaytepeque, 17
Jumjum, 2
Jur Modo, 1
Jurchen, 25
Jutiapa, 12
Juǀ'hoan, 3
K'iche', 306
Kabardian, 1069
Kabishiana, 1
Kabiyé, 1
Kabuverdianu, 863
Kabyle, 82
Kachama-Ganjule, 2
Kachchi, 164
Kadaru, 4
Kadiwéu, 4
Kadugli, 3
Kaera, 1
Kagayanen, 50
Kahua, 1
Kaiep, 2
Kaingang, 33
Kairiru, 4
Kaiwá, 6
Kaiy, 1
Kakabai, 2
Kakabe, 1
Kakanda, 2
Kaki Ae, 1
Kala, 2
Kala Lagaw Ya, 1
Kalabari, 1
Kalami, 40
Kalanga, 1
Kalasha, 488
Kalenjin, 3
Kalkatungu, 3
Kalmyk, 128
Kalo Finnish Romani, 117
Kaluli, 1
Kamakan, 2
Kamang, 1
Kamano, 1
Kamarian, 1
Kamasa, 2
Kamasau, 2
Kamassian, 2
Kamayurá, 7
Kamba, 117
Kambera, 193
Kami, 1
Kamkata-viri, 4
Kamta, 23
Kamula, 2
Kamwe, 1
Kanakanabu, 209
Kanamari, 6
Kandas, 1
Kangri, 1
Kaningdon-Nindem, 1
Kaninuwa, 2
Kankanaey, 56
Kannada, 1033
Kanowit, 1
Kanoé, 6
Kansa, 5
Kanufi, 2
Kanuri, 20
Kaonde, 3
Kap, 3
Kapampangan, 433
Kapauri, 1
Kapin, 1
Kapingamarangi, 10
Kaqchikel, 67
Kara (New Guinea), 2
Karachay-Balkar, 89
Karaga Mandaya, 1
Karaim, 9
Karajá, 13
Karakalpak, 38
Karakhanid, 116
Karamojong, 9
Karankawa, 1
Karao, 946
Karata, 2
Karawa, 2
Kare (New Guinea), 1
Karekare, 1
Karelian, 710
Karipúna Creole French, 12
Kariri, 1
Karitiâna, 8
Karkar-Yuri, 1
Karnai, 2
Karo Batak, 28
Karok, 8
Kasem, 1
Kashaya, 4
Kashmiri, 191
Kashubian, 643
Kaska, 2
Kaskihá, 3
Kassite, 5
Kassonke, 1
Kasua, 3
Katembri, 1
Kathlamet, 4
Kato, 4
Katukina, 1
Kaure, 1
Kaurna, 7
Kauwera, 1
Kavalan, 857
Kawacha, 1
Kawaiisu, 2
Kawishana, 2
Kawésqar, 2
Kaxararí, 1
Kaxuyana, 6
Kayabí, 2
Kayagar, 1
Kayan River Kayan, 1
Kayapa Kallahan, 52
Kayapó, 1
Kayardild, 2
Kayeli, 1
Kaytetye, 3
Kazakh, 3205
Kazukuru, 2
Keapara, 2
Kedah Malay, 34
Kedang, 3
Kein, 3
Kelabit, 8
Keley-I Kallahan, 30
Keliko, 1
Kelon, 1
Kemak, 1
Kemezung, 1
Kemi Sami, 1
Kemtuik, 1
Kendayan, 2
Kenga, 1
Keningau Murut, 1
Keoru-Ahia, 1
Kera, 1
Kereho, 1
Kerek, 20
Kerewo, 2
Kerinci, 2
Kermanic, 8
Kesawai, 3
Ket, 55
Kewa, 3
Khakas, 354
Khaling, 1
Khana, 1
Khanty, 48
Kharia, 1
Khasi, 10
Khazar, 2
Khengkha, 1
Khinalug, 8
Khitan, 9
Khmer, 7349
Khmu, 3
Khotanese, 1
Khowar, 66
Khvarshi, 2
Khwe, 2
Khün, 6
Kibena, 1
Kibiri, 1
Kichwa, 14
Kickapoo, 3
Kikai, 20
Kikuyu, 1243
Kildin Sami, 275
Kilit, 2
Kilivila, 30
Kiliwa, 6
Kilmeri, 1
Kimaragang, 22
Kimbundu, 2
Kinalakna, 1
Kinaray-a, 6
Kings River Yokuts, 5
Kinikinao, 3
Kinnauri, 1
Kiowa, 1
Kipchak, 3
Kiput, 14
Kir-Balar, 1
Kirfi, 1
Kirike, 3
Kirikiri, 4
Kirya-Konzel, 1
Kis, 2
Kisar, 1
Kistane, 2
Kitanemuk, 1
Kitsai, 1
Kituba, 3
Klallam, 63
Klamath-Modoc, 24
Klao, 1
Klias River Kadazan, 1
Klingon, 2462
Knaanic, 9
Koalib, 1
Koasati, 7
Kobol, 1
Kobon, 2
Kofyar, 1
Kohistani Shina, 3
Koho, 1
Koitabu, 3
Kok-Nar, 2
Kok-Paponk, 2
Kokborok, 13
Koko-Bera, 11
Kokoda, 2
Kokota, 5
Kolbila, 1
Kolom, 3
Koluwawa, 1
Kom (Cameroon), 62
Komba, 1
Kombio, 5
Komering, 5
Komi-Permyak, 296
Komi-Zyrian, 103
Komodo, 9
Komyandaret, 1
Konabéré, 1
Konda, 1
Kongo, 33
Konkani, 376
Konkomba, 1
Kono (Sierra Leone), 1
Konomala, 1
Konomihu, 1
Koorete, 1
Korak, 3
Korean, 33615
Koreguaje, 1
Korku, 1
Korlai Creole Portuguese, 2
Koro (India), 1
Koronadal Blaan, 1
Koroni, 1
Korowai, 1
Korwa, 1
Koryak, 68
Koshin, 2
Kosraean, 14
Kott, 113
Kou, 4
Kovai, 1
Kove, 3
Kowaki, 1
Kowiai, 2
Koyo, 1
Koyra Chiini, 3
Koyraboro Senni, 4
Koyukon, 4
Kpan, 1
Kpasam, 1
Kpee, 1
Kpelle, 1
Kresh, 2
Krio, 12
Kriol, 108
Krisa, 36
Kristang, 34
Krobu, 1
Krongo, 1
Krymchak, 2
Kryts, 1
Kua-nsi, 3
Kuamasi, 3
Kubo, 2
Kugbo, 1
Kui (India), 4
Kuikúro, 2
Kuku-Thaypan, 5
Kuku-Uwanh, 1
Kuku-Yalanji, 1
Kulere, 1
Kulisusu, 1
Kulon-Pazeh, 8
Kumak, 9
Kuman, 2
Kumaoni, 1
Kumarbhag Paharia, 2
Kumukio, 1
Kumyk, 144
Kumzari, 1
Kuna, 7
Kunama, 1
Kunigami, 125
Kunjen, 7
Kupa, 1
Kuranko, 1
Kurdish, 2251
Kuri, 1
Kuria, 1
Kurnai, 2
Kurtjar, 4
Kurtop, 10
Kurudu, 2
Kurukh, 2
Kustenau, 2
Kusunda, 1
Kutenai, 4
Kuuk Thaayorre, 1
Kuvi, 2
Kuy, 1
Kven, 13
Kw'adza, 2
Kwadi, 1
Kwaio, 3
Kwak'wala, 6
Kwalhioqua-Tlatskanai, 2
Kwang, 1
Kwangali, 2
Kwanja, 1
Kwanka, 1
Kwanyama, 18
Kwaya, 1
Kwaza, 14
Kwerba, 3
Kwini, 2
Kwoma, 2
Kyenga, 1
Kyrgyz, 468
Kâte, 1
Kómnzo, 3
Laal, 1
Label, 2
Labu, 1
Labuk-Kinabatangan Kadazan, 1
Lacandon, 3
Lachixío Zapotec, 1
Ladakhi, 1
Ladin, 1704
Ladino, 1444
Lafofa, 2
Lagwan, 1
Laha (Vietnam), 1
Lahu, 8
Lai, 1
Lak, 16
Lakalei, 2
Lake Miwok, 12
Laki, 46
Lakkia, 2
Lakota, 138
Lala, 2
Lama Bai, 2
Lamaholot, 3
Lamang, 1
Lamba, 3
Lambadi, 2
Lamboya, 145
Lamet, 1
Lamma, 2
Lampung Api, 12
Langnian Buyang, 1
Lango (Uganda), 1
Lao, 1896
Lapaguía-Guivini Zapotec, 1
Lapine, 44
Lardil, 2
Lari, 1
Larike-Wakasihu, 5
Laru, 1
Lashi, 355
Latgalian, 152
Latin, 73775
Latundê, 1
Latvian, 12453
Lau, 2
Lauje, 1
Laurentian, 2
Lavatbura-Lamusong, 1
Laven, 1
Lavukaleve, 14
Lawangan, 2
Lawi, 9
Laz, 110
Ledo Kaili, 24
Leipon, 1
Lele (Chad), 1
Lele (Guinea), 1
Lemio, 1
Lemnian, 2
Lenakel, 7
Lendu, 2
Lengo, 2
Leonese, 263
Lepcha, 33
Lepontic, 10
Leti (Indonesia), 5
Lezgi, 72
Lhao Vo, 3
Li'o, 2
Libyan Arabic, 210
Lidepla, 3
Ligbi, 1
Ligurian, 1315
Likum, 1
Lillooet, 64
Limbu, 120
Limburgish, 612
Limilngan, 6
Limos Kalinga, 486
Lindu, 677
Lingala, 344
Lingao, 1
Lingombe, 1
Lingua Franca Nova, 151
Lipan, 1
Lishana Deni, 88
Lishanid Noshan, 1
Lishán Didán, 1
Lisu, 2
Lithuanian, 6347
Livonian, 779
Livvi, 218
Lizu, 2
Lo-Toga, 1
Logba, 1
Logo, 1
Logooli, 1
Lojban, 2378
Loko, 1
Loloda, 1
Lolopo, 1
Lombard, 127
Long Wat, 2
Longgu, 1
Longuda, 1
Loniu, 2
Lonwolwol, 1
Looma, 1
Lorrain, 5
Lote, 34
Lotud, 12
Lotuko, 1
Lou, 3
Louisiana Creole French, 56
Lovono, 9
Low German, 887
Lower Grand Valley Dani, 1
Lower Sorbian, 1564
Lower Tanana, 13
Loxicha Zapotec, 1
Lozi, 8
Luang, 2
Luba-Katanga, 1
Lubuagan Kalinga, 247
Ludian, 418
Luganda, 32
Lugbara, 1
Luguru, 1
Luhu, 1
Luhya, 35
Luiseño, 3
Lule, 4
Lule Sami, 1022
Lumun, 1
Lun Bawang, 22
Lunda, 3
Luo, 48
Luri (Nigeria), 1
Lushootseed, 10
Lusi, 3
Lusitanian, 6
Luvale, 2
Luwati, 2
Luwian, 71
Luwo, 1
Luxembourgish, 6828
Lycian, 36
Lydian, 42
Lü, 390
Ma Manda, 1
Ma'anyan, 1
Ma'di, 2
Ma'ya, 1
Maaka, 13
Maasai, 3
Maay, 3
Mabaan, 1
Macaguán, 2
Macanese, 19
Macedonian, 26018
Machame, 1
Machiguenga, 2
Macoris, 1
Macuna, 1
Macushi, 3
Mada (Nigeria), 3
Madak, 1
Madngele, 2
Madurese, 40
Mag-Anchi Ayta, 7
Mag-Indi Ayta, 3
Magadhi Prakrit, 5
Magdalena Peñasco Mixtec, 1
Magori, 1
Maguindanao, 122
Maharastri Prakrit, 182
Mahou, 3
Maia, 105
Mailu, 1
Mairasi, 1
Maithili, 81
Majang, 1
Mak (China), 1
Makah, 2
Makalero, 2
Makasae, 1
Makasar, 19
Makhuwa, 3
Makonde, 1
Maku'a, 1
Mala (New Guinea), 1
Malagasy, 3564
Malalamai, 1
Malalí, 4
Malango, 1
Malas, 2
Malasanga, 3
Malay, 5264
Malayalam, 385
Malaynon, 1
Male, 1
Malecite-Passamaquoddy, 8
Malibu, 1
Malila, 1
Malinaltepec Tlapanec, 1
Maltese, 2241
Malvi, 63
Maléku Jaíka, 6
Mam, 1
Mamaindé, 1
Mamanwa, 7
Mamasa, 2
Mambae, 2
Mamboru, 1
Mambwe-Lungu, 2
Mamluk-Kipchak, 1
Mampruli, 2
Mamuju, 2
Manado Malay, 1
Manam, 6
Manambu, 1
Manao, 1
Manchu, 467
Manda, 1
Mandahuaca, 1
Mandaic, 48
Mandan, 4
Mandar, 8
Mandara, 1
Mandarin, 6897
Mandinka, 86
Mandobo Atas, 1
Mandobo Bawah, 1
Mang, 1
Mangarayi, 2
Mangarevan, 14
Mangas, 1
Manggarai, 6
Mangghuer, 4
Manikion, 1
Manipa, 1
Manipuri, 16
Mankanya, 1
Mano, 1
Mansaka, 12
Mansi, 238
Manta, 1
Manx, 8366
Manza, 1
Maonan, 1
Maore Comorian, 42
Maori, 1227
Mapidian, 1
Mapos Buang, 1
Mapoyo, 1
Mapudungun, 1104
Mapun, 28
Maquiritari, 496
Mara Chin, 2
Maranao, 50
Maranungku, 3
Marathi, 1729
Maratino, 1
Marau, 2
Marawan, 1
Marba, 1
Margany, 1
Margi, 2
Maricopa, 60
Maridan, 2
Maridjabin, 1
Marik, 1
Marimanindji, 1
Maringarr, 1
Maroon Spirit Language, 2
Marriammu, 1
Marrithiyel, 2
Marrucinian, 5
Marshallese, 457
Marsian, 3
Marti Ke, 3
Martu Wangka, 2
Martuthunira, 119
Marwari, 30
Masaba, 2
Masakará, 3
Masalit, 1
Masbatenyo, 167
Masimasi, 2
Masiwang, 2
Maskelynes, 1
Massachusett, 13
Matagalpa, 1
Matal, 167
Matanawi, 1
Matbat, 1
Matengo, 1
Matepi, 1
Matigsalug Manobo, 60
Matlatzinca, 8
Mato, 6
Mato Grosso Arára, 7
Mator, 1
Matsés, 2
Matukar, 1
Matumbi, 1
Maung, 1
Mauritian Creole, 1033
Mauwake, 17
Mawak, 1
Mawan, 1
Mawayana, 1
Mawes, 1
Maxakalí, 11
Mayangna, 2
Maybrat, 2
Maykulan, 1
Maynas, 1
Mayo, 127
Mayoyao Ifugao, 5
Maypure, 2
Mazanderani, 125
Mazatlán Mazatec, 1
Mbabaram, 2
Mbandja, 1
Mbariman-Gudhinma, 1
Mbay, 2
Mbesa, 1
Mbre, 1
Mbu', 1
Mbudum, 1
Mbugu, 4
Mbuko, 2
Mbula, 2
Mbunda, 1
Mbyá Guaraní, 1
Mecayapan Nahuatl, 128
Medebur, 1
Media Lengua, 1
Mefele, 1
Megleno-Romanian, 51
Mehek, 2
Mehináku, 1
Mehri, 3
Mekeo, 1
Mekwei, 1
Mele-Fila, 1
Melo, 1
Memoni, 1
Mende, 4
Mengen, 3
Menien, 1
Menka, 1
Menominee, 26
Mentawai, 6
Menya, 6
Meramera, 1
Merei, 2
Merey, 1
Meriam, 52
Meroitic, 11
Meru, 9
Mesaka, 1
Messapic, 2
Meta', 2
Mewari, 73
Meyah, 1
Mezquital Otomi, 123
Meänkieli, 33
Mfinu, 1
Mfumte, 3
Mi'kmaq, 150
Miami, 10
Mian, 2
Michif, 29
Michoacán Nahuatl, 6
Middle Armenian, 318
Middle Cornish, 1
Middle Dutch, 3265
Middle English, 27159
Middle French, 3656
Middle Gujarati, 3
Middle High German, 135
Middle Irish, 293
Middle Japanese, 17
Middle Korean, 10
Middle Low German, 255
Middle Median, 1
Middle Mongolian, 7
Middle Norwegian, 6
Middle Persian, 291
Middle Scots, 3
Middle Vietnamese, 46
Middle Watut, 1
Middle Welsh, 140
Midob, 6
Migaama, 1
Miji, 2
Miju, 1
Mikasuki, 1
Milang, 1
Millcayac, 2
Mimi of Decorse, 1
Mimi of Nachtigal, 1
Min Nan, 628
Mina, 2
Minangkabau, 74
Minanibai, 1
Minaveha, 1
Mindiri, 2
Mingrelian, 182
Minica Huitoto, 1
Minidien, 1
Minigir, 1
Minoan, 50
Mirandese, 452
Misantla Totonac, 2
Miship, 1
Misima-Paneati, 3
Mising, 1
Miskito, 36
Mitla Zapotec, 2
Mixed Great Andamanese, 5
Mixifore, 1
Mixtepec Zapotec, 1
Miya, 1
Miyako, 165
Mizo, 52
Mlap, 1
Mmani, 3
Mmen, 2
Mo, 3
Moabite, 22
Mobilian, 2
Mocana, 1
Mochica, 4
Mocho, 1
Modang, 2
Modole, 1
Moere, 2
Mofu-Gudur, 1
Mogholi, 1
Mohawk, 37
Mohegan-Pequot, 39
Moikodi, 2
Mojave, 3
Mokpwe, 12
Moksha, 518
Molbog, 1
Molima, 1
Molise Croatian, 77
Molmo One, 1
Molo, 1
Moloko, 2
Moma, 1
Mon, 235
Mondé, 2
Mongghul, 23
Mongo, 1
Mongolian, 4466
Mongondow, 6
Montagnais, 5
Montana Salish, 11
Montol, 1
Monumbo, 1
Moore, 2
Moose Cree, 2
Mopan Maya, 70
Moran, 1
Morelos Nahuatl, 42
Mori Atas, 2
Mori Bawah, 26
Morigi, 1
Moro, 1
Moroccan Amazigh, 2
Moroccan Arabic, 96
Morom, 1
Moronene, 6
Mortlockese, 1
Moru, 1
Mosimo, 1
Mota, 1
Motu, 10
Mouk-Aria, 1
Mountain Koiari, 5
Movima, 6
Mozarabic, 49
Mpade, 1
Mpotovoro, 1
Mpuono, 1
Mpur, 1
Muak Sa-aak, 138
Mualang, 1
Mubami, 3
Mubi, 1
Mucuchí, 1
Mudburra, 7
Muduapa, 7
Muellama, 1
Muher, 3
Muinane, 2
Mulam, 10
Mum, 1
Muna, 3
Mundabli, 1
Mundani, 1
Mundari, 4
Mundat, 1
Mundolinco, 11
Mundurukú, 10
Mungaka, 1
Mungbam, 1
Munggui, 3
Mungkip, 1
Munit, 2
Munji, 2
Munsee, 35
Muong, 46
Mur Pano, 1
Muratayak, 2
Murik (New Guinea), 1
Murrinh-Patha, 13
Murui Huitoto, 2
Murupi, 1
Muruwari, 2
Musar, 1
Musgu, 2
Musi, 1
Musom, 1
Mussau-Emira, 4
Muya, 2
Muyang, 2
Muyuw, 4
Muzo, 5
Mwaghavul, 1
Mwan, 1
Mwani, 120
Mwotlap, 3
Mycenaean Greek, 272
Mòcheno, 95
Mündü, 2
N'Ko, 13
Na, 1
Naba, 1
Nabak, 1
Nabi, 2
Nadugannada, 4
Nadëb, 1
Nafaanra, 9
Nafi, 1
Naga Pidgin, 2
Nage, 1
Nagtipunan Agta, 1
Najdi Arabic, 12
Nakame, 2
Nakanai, 3
Nake, 1
Naki, 1
Nalca, 32
Nali, 2
Nalik, 6
Nama, 34
Namakura, 1
Nambikwara, 2
Namia, 2
Namuyi, 1
Nanai, 197
Nande, 1
Nandi, 3
Nanticoke, 1
Nar Phu, 1
Narragansett, 2
Narungga, 2
Nasioi, 2
Naskapi, 1
Natchez, 1
Natú, 1
Nauete, 1
Naukanski, 1
Nauna, 3
Nauruan, 133
Navajo, 5935
Navarro-Aragonese, 4
Nawaru, 3
Naxi, 5
Nayi, 1
Ncane, 2
Ndali, 1
Nde-Nsele-Nta, 1
Ndjébbana, 1
Ndo, 1
Ndoe, 2
Ndom, 1
Ndonga, 6
Neapolitan, 973
Nedebang, 1
Nefusa, 1
Negerhollands, 3
Negidal, 54
Nehan, 3
Nek, 1
Nekgini, 2
Neko, 2
Nemi, 1
Nen, 3
Nend, 2
Nengone, 4
Neo, 13
Nepali, 1035
Neverver, 4
Newar, 426
Nez Perce, 24
Ngaanyatjarra, 5
Ngadha, 2
Ngaing, 2
Ngaju, 20
Ngalakan, 1
Ngalum, 1
Ngam, 28
Ngamambo, 1
Ngamo, 1
Ngan'gityemerri, 2
Nganasan, 84
Ngandi, 1
Ngarinyin, 1
Ngarluma, 2
Ngarrindjeri, 164
Ngas, 2
Ngawun, 2
Ngazidja Comorian, 29
Ngbaka, 1
Ngbaka Ma'bo, 1
Ngbaka Manza, 1
Ngie, 2
Ngiemboon, 3
Ngiyambaa, 39
Ngizim, 1
Ngomba, 1
Ngoshie, 1
Ngwo, 2
Nhanda, 2
Nhengatu, 2
Nias, 39
Nicola, 1
Nigerian Pidgin, 72
Nihali, 64
Nii, 2
Nilamba, 1
Nimadi, 6
Nimboran, 1
Nimoa, 2
Ninggerum, 1
Ningil, 2
Ninzo, 1
Nisenan, 2
Nisga'a, 1
Niuafo'ou, 2
Niuatoputapu, 8
Niuean, 83
Nivkh, 134
Niwer Mil, 1
Njen, 1
Nkari, 1
Nkem-Nkum, 1
Nkoroo, 1
Nnam, 1
Nobiin, 1
Nobonob, 1
Nogai, 49
Nomatsiguenga, 2
Nomlaki, 1
Nonuya, 1
Noon, 2
Noone, 161
Nootka, 11
Noric, 1
Norman, 8325
Norn, 146
North Ambrym, 1
North Efate, 1
North Frisian, 598
North Giziga, 1
North Levantine Arabic, 143
North Marquesan, 2
North Mesopotamian Arabic, 2
North Muyu, 8
North Tairora, 1
North Wahgi, 7
North Watut, 1
Northeast Kiwai, 3
Northeast Maidu, 3
Northeast Pashayi, 1
Northern Alta, 1
Northern Altai, 4
Northern Amami-Oshima, 18
Northern Bai, 2
Northern Catanduanes Bicolano, 89
Northern Dagara, 2
Northern East Cree, 85
Northern Emberá, 1
Northern Haida, 2
Northern Kankanay, 3
Northern Khmer, 2
Northern Kurdish, 91
Northern Luri, 1
Northern Ndebele, 336
Northern Oaxaca Nahuatl, 1
Northern Ohlone, 142
Northern Paiute, 86
Northern Puebla Nahuatl, 62
Northern Pumi, 1
Northern Roglai, 2
Northern Sami, 4894
Northern Sierra Miwok, 2
Northern Sotho, 225
Northern Tarahumara, 3
Northern Tepehuan, 57
Northern Thai, 98
Northern Tujia, 3
Northern Valley Yokuts, 7
Northern Yukaghir, 61
Northwest Gbaya, 1
Norwegian, 1772
Norwegian Bokmål, 23879
Norwegian Nynorsk, 18538
Notsi, 1
Nottoway, 3
Novial, 593
Nsari, 1
Ntcham, 1
Nubi, 6
Nuer, 2
Nuguria, 1
Nuk, 1
Nukak Makú, 1
Nukuoro, 4
Numana, 1
Numanggang, 1
Numbami, 1
Nung, 1
Nunggubuyu, 1
Nungon, 2
Nupe, 4
Nusu, 1
Nutabe, 1
Nyah Kur, 1
Nyakyusa, 4
Nyamwanga, 1
Nyamwezi, 4
Nyangbo, 1
Nyankole, 12
Nyaturu, 1
Nyawaygi, 3
Nyenkha, 2
Nyiha, 1
Nyimang, 2
Nyindrou, 1
Nyishi, 39
Nyoro, 1
Nyulnyul, 1
Nyunga, 62
Nyâlayu, 4
Nzadi, 233
Nzanyi, 1
Nzima, 1
Nüpode Huitoto, 1
Nǀuu, 1
O'odham, 104
Obispeño, 1
Obokuitai, 8
Obolo, 1
Ocaina, 2
Occitan, 2446
Ocotlán Zapotec, 1
Odual, 1
Ogbah, 1
Ogbia, 1
Ogbronuagum, 2
Ogea, 1
Oirata, 1
Ojibwe, 565
Okanagan, 85
Oki-No-Erabu, 26
Okinawan, 593
Okobo, 1
Okodia, 1
Okolod, 1
Oksapmin, 1
Okwanuchu, 1
Old Anatolian Turkish, 13
Old Armenian, 9304
Old Assamese, 86
Old Breton, 2
Old Catalan, 4
Old Church Slavonic, 2940
Old Czech, 2
Old Danish, 110
Old Dutch, 883
Old East Slavic, 177
Old English, 10658
Old French, 6779
Old Frisian, 373
Old Georgian, 460
Old Gujarati, 417
Old High German, 1914
Old Hindi, 30
Old Irish, 3306
Old Japanese, 296
Old Javanese, 210
Old Khmer, 2
Old Korean, 1
Old Latin, 30
Old Leonese, 5
Old Lithuanian, 3
Old Marathi, 113
Old Median, 33
Old Norse, 3876
Old Novgorodian, 41
Old Nubian, 65
Old Occitan, 553
Old Persian, 290
Old Polish, 332
Old Portuguese, 537
Old Prussian, 268
Old Saxon, 2150
Old South Arabian, 128
Old Spanish, 304
Old Swedish, 1056
Old Tamil, 106
Old Tati, 2
Old Tupi, 277
Old Turkic, 156
Old Uyghur, 26
Old Welsh, 24
Olekha, 18
Olo, 2
Oluta Popoluca, 19
Omagua, 1
Omaha-Ponca, 4
Omba, 1
Omi, 1
Ongota, 6
Onin, 1
Onobasulu, 2
Ontong Java, 7
Opao, 1
Opón, 1
Orejón, 4
Oriya, 234
Orizaba Nahuatl, 1
Ormuri, 2
Oro, 2
Oroch, 19
Oroha, 1
Orok, 79
Orokolo, 1
Oromo, 26
Oroqen, 472
Oruma, 1
Orya, 1
Osage, 8
Osatu, 1
Oscan, 30
Ossetian, 415
Ot Danum, 2
Otomaco, 6
Ottawa, 1
Ottoman Turkish, 1939
Owa, 2
Oyda, 1
Ozolotepec Zapotec, 1
Pa, 1
Pa'a, 1
Pa'o Karen, 89
Paama, 2
Pacoh, 3
Padoe, 6
Paelignian, 1
Paeonian, 3
Pagu, 1
Pahanan Agta, 1
Pahi, 2
Pai-lang, 1
Paicî, 1
Paikoneka, 1
Paite, 3
Paiwan, 14
Pakanha, 1
Pal, 1
Palauan, 151
Palawan Batak, 6
Palenquero, 12
Palewyami, 2
Pali, 4008
Palikur, 5
Palor, 1
Palta, 1
Palu'e, 10
Pamigua, 1
Pamlico, 1
Pamona, 5
Pamosu, 3
Pamplona Atta, 3
Pana (Central Africa), 1
Panamint, 1
Panare, 3
Pande, 1
Pangasinan, 61
Pangseng, 1
Pangutaran Sama, 72
Pangwa, 1
Panim, 3
Pankararú, 1
Panyjima, 17
Panzaleo, 3
Papantla Totonac, 12
Papapana, 4
Papar, 1
Papiamentu, 962
Papora, 2
Papuan Gimi, 1
Papuma, 2
Paraguayan Guaraní, 38
Paratió, 2
Parawen, 1
Pare, 4
Pareci, 3
Parthian, 40
Parya, 2
Pará Arára, 12
Pashto, 1313
Pass Valley Yali, 18
Patagón, 1
Patpatar, 3
Pattani, 1
Pattani Malay, 18
Patwin, 1
Paulohi, 2
Paumarí, 15
Paunaca, 1
Pawaia, 1
Pawnee, 15
Payaguá, 1
Peere, 1
Pela, 1
Pele-Ata, 4
Pemon, 2
Penchal, 2
Pendau, 1
Pennsylvania German, 1889
Penobscot, 18
Penrhyn, 1
Perema, 1
Pericú, 1
Pero, 2
Persian, 14804
Petats, 2
Peñoles Mixtec, 2
Phake, 1
Phalura, 1
Phoenician, 147
Phola, 1
Phom, 1
Phrygian, 23
Phuthi, 1012
Phuza, 1
Piamatsina, 1
Piapoco, 2
Piaroa, 2
Picard, 149
Pichinglis, 1
Pictish, 11
Picuris, 1
Piedmontese, 416
Pijao, 2
Pije, 1
Pijin, 65
Pilagá, 2
Pileni, 4
Pima Bajo, 3
Pimbwe, 1
Pintiini, 1
Pinyin, 1
Pipil, 280
Pirahã, 29
Pitcairn-Norfolk, 31
Pite Sami, 456
Pitjantjatjara, 436
Pitta-Pitta, 2
Plains Apache, 1
Plains Cree, 30
Plains Miwok, 2
Plautdietsch, 840
Pochutec, 51
Podoko, 3
Pohnpeian, 177
Poitevin-Saintongeais, 4
Polabian, 189
Polish, 53782
Pom, 1
Ponosakan, 1
Pontic Greek, 11
Portuguese, 70716
Potawatomi, 16
Pouye, 1
Powhatan, 2
Prasuni, 2
Primitive Irish, 24
Principense, 8
Proto-Afro-Asiatic, 2
Proto-Albanian, 99
Proto-Algic, 36
Proto-Algonquian, 164
Proto-Anatolian, 28
Proto-Arawak, 40
Proto-Atayalic, 8
Proto-Athabaskan, 8
Proto-Atlantic-Congo, 1
Proto-Austronesian, 163
Proto-Bahnaric, 24
Proto-Balto-Slavic, 214
Proto-Bantu, 299
Proto-Basque, 151
Proto-Berber, 1
Proto-Brythonic, 596
Proto-Bungku-Tolaki, 5
Proto-Celtic, 811
Proto-Central New South Wales, 16
Proto-Central-Eastern Malayo-Polynesian, 14
Proto-Chadic, 95
Proto-Chamic, 3
Proto-Chatino, 47
Proto-Chukotko-Kamchatkan, 18
Proto-Dardic, 1
Proto-Dravidian, 45
Proto-Eastern Malayo-Polynesian, 13
Proto-Eastern Polynesian, 3
Proto-Eskimo, 2
Proto-Finnic, 1034
Proto-Georgian-Zan, 14
Proto-Germanic, 6070
Proto-Halmahera-Cenderawasih, 4
Proto-Hellenic, 143
Proto-Hmong-Mien, 1
Proto-Indo-Aryan, 35
Proto-Indo-European, 1650
Proto-Indo-Iranian, 655
Proto-Inuit, 16
Proto-Iranian, 222
Proto-Italic, 397
Proto-Japonic, 172
Proto-Karen, 1
Proto-Kartvelian, 32
Proto-Lampungic, 2
Proto-Lezghian, 1
Proto-Loloish, 1
Proto-Malayic, 126
Proto-Malayo-Chamic, 10
Proto-Malayo-Polynesian, 221
Proto-Malayo-Sumbawan, 10
Proto-Mayan, 14
Proto-Mixe-Zoque, 15
Proto-Mon-Khmer, 98
Proto-Mongolic, 58
Proto-Nahuan, 38
Proto-Nakh, 4
Proto-Nawiki, 13
Proto-Nguni, 144
Proto-Norse, 49
Proto-North Caucasian, 2
Proto-North Sarawak, 3
Proto-Northeast Caucasian, 2
Proto-Nubian, 6
Proto-Nuclear Polynesian, 6
Proto-Numic, 1
Proto-Nuristani, 17
Proto-Nyulnyulan, 14
Proto-Oceanic, 14
Proto-Ossetic, 1
Proto-Oto-Manguean, 9
Proto-Oto-Pamean, 4
Proto-Otomi, 18
Proto-Otomian, 12
Proto-Pama-Nyungan, 2
Proto-Philippine, 12
Proto-Polynesian, 76
Proto-Pomo, 1
Proto-Rukai, 3
Proto-Ryukyuan, 141
Proto-Saka, 1
Proto-Saka-Wakhi, 5
Proto-Salish, 13
Proto-Samic, 1554
Proto-Samoyedic, 10
Proto-Sara, 1
Proto-Scythian, 5
Proto-Semitic, 230
Proto-Shughni-Roshani, 10
Proto-Shughni-Yazghulami-Munji, 10
Proto-Shughni-Yazgulami, 9
Proto-Sino-Tibetan, 253
Proto-Siouan, 6
Proto-Siouan-Catawban, 1
Proto-Slavic, 3347
Proto-Sogdic, 8
Proto-South Sulawesi, 3
Proto-Southwestern Tai, 1
Proto-Sunda-Sulawesi, 10
Proto-Ta-Arawak, 10
Proto-Tai, 22
Proto-Takic, 1
Proto-Tocharian, 17
Proto-Tungusic, 84
Proto-Tupian, 7
Proto-Turkic, 137
Proto-Ugric, 5
Proto-Uralic, 314
Proto-Uto-Aztecan, 39
Proto-Vietic, 113
Proto-Zapotec, 26
Proto-Zapotecan, 14
Puinave, 1
Pukapukan, 3
Pulabu, 1
Puluwat, 7
Pumpokol, 47
Pumé, 1
Punic, 67
Punjabi, 1606
Puragi, 1
Purari, 1
Purepecha, 99
Purukotó, 1
Puyuma, 10
Pwaamei, 1
Q'anjob'al, 3
Q'eqchi, 1
Qabiao, 1
Qaqet, 1
Qimant, 2
Quapaw, 3
Quechua, 3110
Quenya, 1932
Queyu, 1
Quileute, 4
Quimbaya, 1
Quinault, 3
Quioquitani-Quierí Zapotec, 1
Quiripi, 14
Quitemo, 3
Rabha, 1
Rabona, 3
Rade, 36
Raga, 5
Rahambuu, 1
Rajasthani, 283
Rajbanshi, 36
Rakhine, 14
Ralte, 1
Rama, 2
Ramoaaina, 3
Rang, 1
Rapa, 1
Rapa Nui, 367
Rapting, 1
Rara Bakati', 1
Rarotongan, 24
Rasawa, 2
Ratagnon, 3
Ratahan, 11
Raute, 1
Rawa, 9
Rawang, 1
Rayón Zoque, 73
Red Gelao, 1
Reel, 2
Rejang, 9
Rejang Kayan, 1
Rembong, 4
Remontado Agta, 2
Rempi, 1
Rendille, 3
Rennellese, 4
Repanbitip, 3
Rerau, 1
Rerep, 1
Reshe, 1
Resígaro, 1
Retta, 1
Reyesano, 3
Rhine Franconian, 14
Riantana, 1
Rikbaktsa, 4
Rincón Zapotec, 1
Rohingya, 198
Romagnol, 60
Romani, 549
Romanian, 16163
Romansch, 2354
Romblomanon, 8
Rombo, 1
Ron, 1
Ronga, 2
Ronji, 1
Roon, 1
Roro, 2
Rotokas, 100
Rotuman, 23
Roviana, 1
Rukai, 4
Rumai Palaung, 1
Rumu, 1
Rungus, 11
Rungwa, 1
Russenorsk, 1
Russian, 70630
Rusyn, 242
Rutul, 11
Rwa, 1
Rwanda-Rundi, 105
Réunion Creole French, 4
S'gaw Karen, 190
Sa, 2
Sa'a, 2
Saafi-Saafi, 1
Saamia, 1
Saanich, 262
Saaroa, 2
Sabah Bisaya, 9
Sabah Malay, 2
Sabu, 6
Sacapulteco, 1
Saek, 81
Saep, 1
Safaitic, 1
Safeyoka, 2
Safwa, 1
Sahaptin, 1
Sahu, 1
Saidi Arabic, 1
Saisiyat, 51
Salar, 1
Saliba (Colombia), 1
Saliba (New Guinea), 1
Salinan, 2
Saluan, 2
Samaritan Aramaic, 32
Samaritan Hebrew, 9
Samarokena, 1
Sambali, 4
Sambe, 1
Samo, 3
Samoan, 414
Samoan Plantation Pidgin, 26
Samogitian, 104
Samosa, 1
Samtao, 1
San Agustín Mixtepec Zapotec, 1
San Baltazar Loxicha Zapotec, 1
San Juan Atzingo Popoloca, 120
San Juan Colorado Mixtec, 4
San Juan Guelavía Zapotec, 32
San Miguel El Grande Mixtec, 3
San Pablo Güilá Zapotec, 2
San Pedro Amuzgos Amuzgo, 121
San Pedro Quiatoni Zapotec, 1
San Vicente Coatlán Zapotec, 1
Sanaani Arabic, 2
Sanapaná, 1
Sanaviron, 3
Sandawe, 1
Sangil, 1
Sangir, 6
Sango, 27
Sani, 1
Saniyo-Hiyewe, 3
Sanskrit, 14773
Santa Catarina Albarradas Zapotec, 1
Santa Inés Yatzechi Zapotec, 1
Santa María Quiegolani Zapotec, 1
Santali, 377
Santiago Xanica Zapotec, 1
Santo Domingo Albarradas Zapotec, 1
Sanumá, 1
Sapará, 3
Saponi, 1
Saposa, 1
Sapé, 2
Sar, 5
Sara, 1
Saramaccan, 9
Sarangani Blaan, 1
Sarangani Manobo, 1
Sarasira, 1
Saraveca, 1
Sarcee, 16
Sardinian, 341
Sarikoli, 3
Saruga, 1
Sasak, 35
Sassarese, 4
Satawalese, 22
Saterland Frisian, 1205
Sathmar Swabian, 23
Sauraseni Apabhramsa, 3
Sauraseni Prakrit, 67
Saurashtra, 18
Sausi, 1
Savi, 1
Savosavo, 4
Sawai, 2
Sawi, 3
Sawriya Paharia, 1
Saya, 1
Sayula Popoluca, 3
Scanian, 153
Scots, 3763
Scottish Gaelic, 12862
Sebat Bet Gurage, 1
Sebop, 1
Sechura, 4
Secoya, 1
Sedang, 5
Sedoa, 1
Seenku, 1
Seim, 1
Seimat, 2
Sekani, 1
Sekar, 1
Selaru, 2
Selepet, 1
Selk'nam, 3
Selkup, 12
Selungai Murut, 1
Sema, 1
Semai, 2
Sembakung Murut, 2
Semelai, 1
Sena, 1
Seneca, 5
Senggi, 1
Sentani, 1
Sentinelese, 1
Sepa (New Guinea), 3
Sepik Iwam, 1
Sera, 2
Seraiki, 15
Serbo-Croatian, 71224
Serer, 5
Seri, 109
Serili, 1
Serrano, 1
Seru, 1
Serui-Laut, 2
Seta, 2
Seti, 1
Seychellois Creole, 384
Sha, 1
Shabo, 73
Shama-Sambuga, 1
Shambala, 2
Shan, 454
Shanga, 1
Shaozhou Tuhua, 8
Shawnee, 3
Shebayo, 2
Shehri, 2
Sheko, 1
Shelta, 6
Sherbro, 1
Sherdukpen, 1
Sherpa, 3
Sheshi Kham, 10
Shilluk, 2
Shina, 36
Shinyiha, 1
Shipibo-Conibo, 1
Shixing, 1
Sholaga, 55
Shona, 52
Shor, 154
Shoshone, 9
Shuar, 77
Shughni, 5
Shuswap, 19
Sialum, 1
Siane, 1
Siar-Lak, 1
Sichuan Yi, 89
Sicilian, 1352
Sierra de Juárez Zapotec, 1
Sihan, 1
Sika, 6
Sikaiana, 13
Sikaritai, 2
Sikkimese, 6
Sileibi, 1
Silesian, 209
Silimo, 1
Siliput, 1
Silopi, 1
Silt'e, 1
Simbari, 2
Simeulue, 10
Sinacantán, 12
Sinagen, 1
Sinaugoro, 2
Sindarin, 3
Sindhi, 180
Singpho, 11
Sinhalese, 237
Sinte Romani, 33
Sio, 2
Siona, 1
Sipakapense, 3
Sira, 1
Siraya, 8
Sirenik, 1
Siriano, 1
Sirionó, 2
Siroi, 3
Sissano, 2
Situ, 2
Siuslaw, 1
Siwi, 1
Skolt Sami, 605
Skou, 3
Slavey, 2
Slovak, 4367
Slovene, 4586
Slovincian, 50
So'a, 1
Sobei, 2
Sochiapam Chinantec, 1
Sogdian, 7
Sokna, 1
Sokoro, 1
Solon, 104
Solong, 1
Solos, 1
Somali, 701
Somba-Siawari, 3
Sonaga, 3
Soninke, 1
Sonsorolese, 2
Soo, 4
Sop, 1
Soqotri, 1
Sori-Harengan, 2
Sotho, 445
South Efate, 1
South Giziga, 1
South Levantine Arabic, 26
South Marquesan, 13
South Muyu, 1
South Picene, 3
South Slavey, 2
South Tairora, 1
South Watut, 1
Southeast Ambrym, 1
Southeast Ijo, 2
Southeast Pashayi, 7
Southeastern Tepehuan, 141
Southern Alta, 1
Southern Altai, 147
Southern Amami-Oshima, 21
Southern Bai, 2
Southern Bobo, 1
Southern Catanduanes Bicolano, 3
Southern Dagaare, 1
Southern East Cree, 4
Southern Hindko, 1
Southern Kalinga, 2
Southern Kam, 15
Southern Kissi, 1
Southern Kurdish, 55
Southern Ma'di, 1
Southern Muji, 2
Southern Ndebele, 636
Southern Ohlone, 82
Southern Puebla Mixtec, 2
Southern Pumi, 1
Southern Qiang, 2
Southern Rincon Zapotec, 1
Southern Sama, 3
Southern Sami, 251
Southern Sierra Miwok, 19
Southern Thai, 19
Southern Tidong, 1
Southern Tiwa, 1
Southern Tujia, 2
Southern Tutchone, 2
Southern Valley Yokuts, 6
Southern Yukaghir, 13
Southwest Gbaya, 1
Southwest Palawano, 1
Southwestern Fars, 138
Spanish, 97409
Squamish, 5
Sranan Tongo, 842
Stoney, 2
Suabo, 2
Suau, 2
Suba-Simbiti, 1
Subtiaba, 1
Sudanese Arabic, 1
Sudest, 1
Suena, 1
Sui, 2
Suki, 1
Sukur, 1
Sukurum, 2
Sulka, 1
Sulung, 1
Sumau, 1
Sumbawa, 3
Sumerian, 296
Sundanese, 583
Sunwar, 2
Supyire, 1
Sur, 1
Suri, 1
Surigaonon, 6
Sursurunga, 7
Suruí, 6
Susu, 1
Suyá, 1
Svan, 73
Swabian, 7
Swahili, 6223
Swazi, 1677
Swedish, 26172
Sylheti, 271
Sácata, 2
Sãotomense, 13
Tabaa Zapotec, 1
Tabancale, 1
Tabaru, 1
Tabasaran, 21
Tabasco Chontal, 1
Tabasco Nahuatl, 2
Tabasco Zoque, 1
Tabla, 1
Tabo, 3
Tabriak, 1
Tacana, 14
Tachawit, 12
Tadaksahak, 1
Tadyawan, 3
Tae', 6
Tagakaulu Kalagan, 66
Tagal Murut, 20
Tagalog, 14212
Tagargrent, 1
Tagbanwa, 1
Tagish, 1
Tahitian, 306
Tahltan, 1
Tai Dam, 146
Tai Hongjin, 1
Tai Nüa, 55
Taikat, 1
Taimyr Pidgin Russian, 4
Tainae, 3
Tairuma, 2
Taivoan, 1
Tajik, 1546
Tajio, 1
Takelma, 1
Takia, 2
Takuu, 1
Tal, 1
Tala, 1
Taliabu, 2
Talieng, 1
Talise, 1
Taloki, 1
Talossan, 14
Talu, 1
Talysh, 44
Tama (Chad), 1
Tamambo, 1
Tamanaku, 1
Tambas, 1
Tambora, 48
Tambunan Dusun, 7
Tamil, 2722
Tampuan, 1
Tanacross, 1
Tandaganon, 2
Tanema, 1
Tangale, 1
Tangam, 1
Tangoa, 1
Tangut, 47
Tanimbili, 1
Tanimuca-Retuarã, 2
Tanjijili, 1
Tanudan Kalinga, 1
Taos, 575
Tapachultec, 4
Taparita, 4
Tapirapé, 1
Tara Baka, 1
Tarairiú, 1
Tarantino, 565
Tarao, 20
Taraon, 2
Tariana, 3
Tarifit, 90
Tarok, 5
Taroko, 75
Tarpia, 4
Taruma, 1
Tashelhit, 27
Tasmanian, 8
Tat, 5
Tataltepec Chatino, 9
Tatana, 2
Tatar, 1178
Tatuyo, 1
Taupota, 1
Tause, 3
Taushiro, 10
Tausug, 23
Tauya, 13
Tavoyan, 10
Tawala, 4
Tawang Monpa, 1
Tawasa, 1
Taworta, 2
Tawoyan, 1
Tayo, 2
Taznatit, 1
Taíno, 11
Tboli, 52
Teanu, 1
Tebul Ure Dogon, 1
Tedaga, 1
Tee, 1
Tegali, 1
Tehuelche, 33
Teiwa, 3
Tejalapan Zapotec, 1
Telugu, 16224
Temascaltepec Nahuatl, 2
Tembé, 1
Temein, 1
Temne, 1
Tenharim, 1
Tennet, 1
Teojomulco Chatino, 13
Teop, 29
Tepecano, 4
Tequistlatec, 1
Ter Sami, 164
Tera, 2
Terebu, 1
Teressa, 1
Teribe, 4
Ternate, 63
Tese, 1
Tetelcingo Nahuatl, 114
Tetserret, 1
Tetum, 168
Tewa, 6
Texmelucan Zapotec, 1
Tezoatlán Mixtec, 1
Thai, 18618
Thangmi, 1
Thao, 169
Thavung, 26
Thompson, 33
Tiang, 1
Tibetan, 2768
Ticuna, 1
Tidore, 1
Tigon Mbembe, 1
Tigre, 29
Tigrinya, 448
Tikopia, 2
Tilquiapan Zapotec, 1
Timbe, 1
Timote, 4
Timucua, 3
Timugon Murut, 10
Tindi, 3
Tinigua, 1
Tinputz, 1
Tipai, 3
Tiri, 3
Tiruray, 114
Titan, 1
Tivi, 1
Tiwa, 1
Tiwi, 13
Tlacoapa Me'phaa, 1
Tlacolulita Zapotec, 1
Tlahuica, 3
Tlingit, 68
To'abaita, 7
Toaripi, 1
Toba, 4
Toba Batak, 37
Toba-Maskoy, 1
Tobati, 1
Tobelo, 3
Tocantins Asurini, 11
Tocharian A, 216
Tocharian B, 1516
Tocho, 1
Toda, 1
Tofa, 13
Tojolabal, 1
Tok Pisin, 1853
Tokelauan, 17
Toki Pona, 406
Toku-No-Shima, 17
Tolai, 40
Tolaki, 5
Tolomako, 1
Tomadino, 5
Tomini, 3
Tommo So, 2
Tomoip, 1
Tonga (Zambia), 1
Tongan, 224
Tonkawa, 7
Tontemboan, 3
Torau, 1
Toro, 15
Torona, 1
Torres Strait Creole, 129
Torricelli, 1
Torricelli Yau, 1
Torwali, 34
Totoli, 6
Totontepec Mixe, 6
Totoro, 1
Toura, 1
Tourangeau, 2
Translingual, 50271
Transylvanian Saxon, 21
Traveller Norwegian, 12
Trimuris, 2
Trinitario, 2
Trió, 2
Trumai, 4
Tsafiki, 7
Tsakhur, 5
Tsakonian, 41
Tsat, 18
Tsez, 1
Tshangla, 3
Tshobdun, 1
Tshwa, 2
Tsimané, 3
Tsimshian, 12
Tsonga, 94
Tsou, 135
Tsuvadi, 1
Tswana, 203
Tuamotuan, 5
Tuareg, 20
Tucano, 3
Tukang Besi North, 1
Tukang Besi South, 1
Tuki, 2
Tukudede, 1
Tule-Kaweah Yokuts, 1
Tulu, 167
Tulu-Bohuai, 4
Tumak, 1
Tumbuka, 14
Tumleo, 2
Tumzabt, 1
Tundra Nenets, 154
Tungag, 1
Tunggare, 1
Tunica, 5
Tunisian Arabic, 29
Tunjung, 1
Tupinambá, 6
Turkana, 2
Turkish, 14678
Turkmen, 664
Turoyo, 11
Tuscarora, 2
Tututni, 1
Tuvaluan, 63
Tuvan, 267
Tuwali Ifugao, 5
Tuyuca, 1
Tyap, 3
Tz'utujil, 7
Tzeltal, 8
Tzotzil, 152
Tübatulabal, 49
U, 1
Uab Meto, 23
Ubir, 4
Ubykh, 5
Uda, 2
Udi, 73
Udihe, 89
Udmurt, 293
Ugaritic, 782
Ughele, 8
Ujir, 3
Ukrainian, 4293
Ukuriguma, 3
Ukwa, 2
Ulau-Suain, 2
Ulch, 125
Uldeme, 1
Uma, 13
Umbrian, 31
Umbu-Ungu, 25
Umbundu, 70
Ume Sami, 191
Umotína, 3
Unami, 257
Unde Kaili, 1
Undetermined, 56
Uneapa, 1
Uneme, 2
Unserdeutsch, 5
Unua, 4
Upper Kuskokwim, 4
Upper Sorbian, 571
Upper Tanana, 1
Ura (Vanuatu), 6
Uradhi, 1
Urak Lawoi', 3
Urarina, 2
Urartian, 2
Urat, 3
Urdu, 7253
Urhobo, 3
Uri, 1
Urim, 1
Uripiv-Wala-Rano-Atchin, 1
Uruangnirin, 1
Uruava, 2
Urubú-Kaapor, 7
Urum, 2
Usaghade, 1
Usan, 1
Uspanteco, 1
Utarmbung, 1
Ute, 1
Utu, 1
Uyajitaya, 4
Uyghur, 810
Uzbek, 709
Vaghri, 202
Vaghua, 1
Vai, 318
Valle Nacional Chinantec, 1
Vamale, 1
Vandalic, 64
Vangunu, 1
Vanimo, 2
Varisi, 1
Varli, 6
Vayu, 1
Venda, 143
Venetian, 3125
Venetic, 2
Ventureño, 4
Veps, 2972
Vestinian, 1
Vietnamese, 27465
Vilamovian, 1374
Vilela, 1
Viti, 1
Vlax Romani, 81
Volapük, 2791
Volga German, 5
Volscian, 2
Votic, 607
Vunapu, 1
Vurës, 11
Vute, 1
Võro, 633
Waata, 1
Wab, 2
Wabo, 1
Waboda, 1
Wadjiginy, 1
Waffa, 1
Wagaya, 1
Wageman, 13
Wagi, 3
Wahau Kenyah, 1
Waigali, 1
Waikuri, 1
Wailaki, 1
Waima'a, 1
Waimaha, 1
Waimiri-Atroari, 1
Waiwai, 4
Wakhi, 28
Wala, 2
Wallisian, 30
Walloon, 493
Walmajarri, 4
Wamas, 1
Wambaya, 1
Wambon, 1
Wambule, 1
Wampar, 1
Wampur, 1
Wan, 1
Wanambre, 1
Wanap, 1
Wancho, 1
Wandala, 15
Wandamen, 3
Waneci, 2
Wangkayutyuru, 1
Wangkumara, 1
Wanham, 3
Wano, 1
Wantoat, 1
Wanyi, 39
Wapishana, 2
Wappo, 1
War-Jaintia, 1
Warao, 25
Waray-Waray, 604
Wardaman, 3
Warekena, 6
Warembori, 2
Wari', 1
Waris, 2
Waritai, 2
Warkay-Bipim, 1
Warlmanpa, 2
Warlpiri, 136
Warluwara, 1
Waropen, 3
Warrgamay, 2
Warungu, 14
Washo, 1
Waskia, 6
Wastek, 9
Wathaurong, 22
Watiwa, 1
Watubela, 1
Waube, 2
Wauja, 259
Wawa, 1
Wawonii, 1
Wayampi, 3
Wayana, 1
Wayumará, 1
Wayuu, 1
Wedau, 2
Welsh, 5877
Welsh Romani, 91
Wemba-Wemba, 5
Weri, 4
West Albay Bikol, 2
West Coast Bajau, 56
West Damar, 1
West Flemish, 258
West Frisian, 2082
West Makian, 1
West Tarangan, 2
West Uvean, 11
Western Apache, 257
Western Arrernte, 10
Western Bukidnon Manobo, 8
Western Cham, 2
Western Dani, 1
Western Highland Chatino, 28
Western Huasteca Nahuatl, 22
Western Jicaque, 1
Western Kayah, 115
Western Keres, 1
Western Lalu, 1
Western Mari, 7
Western Neo-Aramaic, 12
Western Ojibwa, 1
Western Pwo, 37
Western Sisaala, 3
Western Subanon, 1
Western Tamang, 2
Western Tawbuid, 1
Western Yugur, 3
Westrobothnian, 3838
Weyewa, 9
White Gelao, 2
White Hmong, 396
White Lachi, 1
Whitesands, 14
Wichita, 3
Wik-Mungkan, 28
Wik-Ngathana, 1
Winnebago, 7
Wintu, 6
Wiradhuri, 164
Wiraféd, 1
Wiru, 1
Wirö, 1
Wiwa, 1
Wiyot, 10
Woccon, 2
Wogamusin, 1
Wogeo, 2
Woi, 22
Woiwurrung, 61
Wolani, 1
Wolaytta, 1
Woleaian, 8
Wolio, 10
Wolof, 358
Woods Cree, 13
Worimi, 1
Worora, 2
Woun Meu, 1
Written Oirat, 44
Wulguru, 1
Wusa Nasu, 1
Wusi, 1
Wutung, 2
Wuvulu-Aua, 4
Wyandot, 4
Xakriabá, 1
Xamtanga, 2
Xanaguía Zapotec, 1
Xaragure, 2
Xavante, 2
Xerénte, 3
Xhosa, 2918
Xibe, 6
Xicotepec De Juárez Totonac, 1
Xinca, 1
Xingú Asuriní, 6
Xipaya, 1
Xiriâna, 1
Xishanba Lalo, 1
Xukurú, 2
Xârâcùù, 13
Yabarana, 1
Yaben, 1
Yabong, 2
Yabula Yabula, 1
Yaeyama, 129
Yagara, 187
Yagaria, 6
Yagnobi, 168
Yagua, 1
Yagwoia, 1
Yahang, 1
Yahuna, 2
Yaka, 1
Yakan, 12
Yakima, 1
Yakkha, 2
Yakoma, 1
Yakut, 497
Yalarnnga, 2
Yale, 1
Yalunka, 1
Yalálag Zapotec, 1
Yambeta, 1
Yamdena, 4
Yameo, 1
Yami, 265
Yaminahua, 2
Yana, 1
Yanda Dogon, 1
Yandruwandha, 1
Yanesha', 2
Yangben, 1
Yangkaal, 1
Yangkam, 1
Yangulam, 1
Yangum Dey, 1
Yangum Mon, 1
Yankunytjatjara, 12
Yanomamö, 2
Yansi, 1
Yanyuwa, 5
Yao, 11
Yao (South America), 4
Yaouré, 1
Yapese, 51
Yaqui, 28
Yarawata, 2
Yareba, 3
Yareni Zapotec, 2
Yarli, 1
Yarluyandi, 1
Yasa, 1
Yatee Zapotec, 1
Yatzachi Zapotec, 23
Yavapai, 1
Yavitero, 1
Yawa, 1
Yawarawarga, 1
Yaweyuha, 2
Yawuru, 11
Yaygir, 1
Yazgulyam, 1
Yekhee, 2
Yele, 1
Yelogu, 1
Yemsa, 3
Yendang, 3
Yeniche, 1
Yeretuar, 1
Yerong, 1
Yeskwa, 1
Yessan-Mayo, 1
Yetfa, 1
Yevanic, 3
Yeyi, 2
Yiddish, 5821
Yidgha, 1
Yidiny, 7
Yil, 2
Yimas, 3
Yimchungru Naga, 3
Yindjibarndi, 36
Yindjilandji, 2
Yine, 5
Yinggarda, 1
Yir-Yoront, 2
Yis, 1
Yogad, 2
Yoidik, 2
Yoke, 1
Yola, 102
Yolmo, 3
Yonaguni, 150
Yongkom, 1
Yopno, 1
Yoron, 33
Yorta Yorta, 2
Yoruba, 157
Yosondúa Mixtec, 32
Yuaga, 1
Yucatec Maya, 274
Yucuna, 1
Yug, 1
Yuhup, 1
Yuki, 4
Yukpa, 1
Yuma, 2
Yup'ik, 205
Yupiltepeque, 10
Yupua, 2
Yuqui, 1
Yuracare, 1
Yuri, 1
Yurok, 292
Yurumanguí, 6
Yurutí, 1
Yámana, 3
Zacatepec Chatino, 1
Zacatlán-Ahuacatlán-Tepetzintla Nahuatl, 57
Zaghawa, 3
Zaiwa, 3
Zakhring, 1
Zanaki, 2
Zande, 2
Zangskari, 10
Zangwal, 1
Zaniza Zapotec, 1
Zapotec, 1
Zari, 1
Zarma, 6
Zauzou, 1
Zay, 13
Zayse-Zergulla, 3
Zazaki, 842
Zealandic, 55
Zenaga, 2
Zhaba, 1
Zhang-Zhung, 1
Zhuang, 1196
Zia, 1
Zialo, 1
Zigula, 2
Zimakani, 1
Zimba, 1
Zinza, 1
Zipser German, 6
Zirenkel, 1
Zoogocho Zapotec, 115
Zotung Chin, 2
Zou, 90
Zulgo-Gemzek, 2
Zulu, 4055
Zumbun, 1
Zuni, 28
Záparo, 4
Àhàn, 1
Önge, 1
ǀXam, 1
ǁAni, 1
ǃKung, 75
ǃXóõ, 418
